"id","s1"
7,1979.36818711127
21,4373.72888180306
23,4130.42937275181
27,4422.27747778673
28,4817.9944131446
33,5150.43385303026
34,6094.86675187485
35,4587.44666007367
39,3423.01447657587
41,5823.28614227301
52,6983.39706676633
60,7313.96062852042
63,5829.47440399524
67,6752.21664163295
69,6089.68696340093
79,6307.32469246669
83,7124.3754954561
84,7645.87928851437
85,6710.59371387289
87,6002.90150495902
92,7887.2667850061
96,6299.17010032075
97,6134.56054411127
100,8134.80011495875
117,7250.30450839055
119,6837.365864597
132,6948.41684796931
134,6501.26862432041
137,4135.70439982087
139,6667.16483515548
141,6129.74974461099
151,5866.34191292785
155,7103.19879968062
157,6361.13042146869
159,6480.70292077347
164,7739.97954088436
167,6209.45774618251
169,4876.0118354856
175,6725.42774588794
178,5045.91412782648
180,8039.05746365371
181,7138.32176411564
196,8202.70595590753
204,8044.63714895202
207,7334.45435639237
209,6555.84395837152
210,5445.89757008094
211,7321.70288395964
212,7848.23868582248
219,7159.30448549798
220,7831.69961175846
224,6464.70951139837
225,6292.66121207459
226,4971.85024667574
234,4320.03973853601
237,6613.65631918317
239,7146.67292491071
246,7898.30855688445
247,6969.43638445875
252,7853.12461666641
253,6916.00557361748
254,6894.30739680388
257,6352.44623662575
260,7679.18757979447
262,7429.38948051322
267,7239.43252410522
270,6620.53539230041
275,7587.13964183527
282,4619.23738487505
291,7768.43281600852
292,8136.51311803148
311,6580.08089719484
312,5327.43491499107
314,4375.00414418761
320,6722.21423951886
321,6270.70266822318
333,6539.59589169855
338,5332.25552257585
346,5042.94930677733
352,7040.78874354883
355,8008.79227995087
362,4656.53729778841
367,7566.69155982974
375,7318.51731279973
378,5141.58559217538
379,7900.08896727623
392,6374.38486838734
395,8140.11622765424
407,7190.82303792645
408,5909.56821091917
409,5643.94499390036
410,4639.10024300453
414,7187.74031952725
424,6230.80952145645
425,6113.65443316048
426,5201.03672805981
432,7507.07411793037
442,5540.30454952874
445,7241.59894911632
448,7660.84155413563
449,7210.16773445375
451,7861.89632351591
462,3866.88287359234
479,3838.60463470601
482,6657.20541908044
483,5651.66997119106
486,5390.50337775877
487,5064.03115108397
494,4101.70854978834
502,5600.84867213376
504,4390.1095387567
506,6195.11847178105
510,3896.16905316171
515,5408.98279166804
521,5919.00207722977
539,5863.27834090657
541,5274.72778407132
547,5574.65048647707
555,5532.22918045513
556,5992.13985171687
570,6406.45192715359
578,6298.01285434364
580,5541.29666980929
584,4339.95503984759
585,6306.46695186939
586,6750.97240811875
592,3564.79267696924
610,6235.22722010779
620,6111.33461597648
621,5290.35862299753
628,5665.40621258141
630,5389.02852159384
641,6124.57238342618
654,4627.60187997275
656,3668.90710505628
657,6565.18669883724
659,5961.74473005927
661,6322.02372780784
666,7155.44822783621
667,6262.69864059408
671,4531.55545270951
675,6105.85554411407
678,6131.13883369453
686,5023.28189803668
692,6150.1243471732
696,4777.23888581516
701,5763.96772156211
708,6167.12763653259
710,5783.3427355613
721,6868.74589917523
737,6781.17823180743
740,6169.02114706803
744,5213.05620902809
746,6968.7221651749
750,4692.55364739841
757,6217.482728363
761,5242.51587681213
762,5972.58790510733
764,4537.29471119044
765,6088.609064524
767,8104.34143437188
0,4836.04203856642
3,7006.43056959403
4,7148.33335457182
19,4958.36333141608
22,4154.98013925958
23,6043.69389679833
33,5842.84300625927
37,8123.3427985536
43,7725.96012524855
54,6630.36783311124
55,6174.0135920198
60,5996.65544869669
65,6509.72611297074
66,6221.51373402878
67,4962.00395617156
68,5791.55699444165
69,4346.18790706909
78,6753.20884660975
83,5587.74897554161
93,7491.76653554934
98,8251.27322751547
110,6026.88098085736
111,7056.85111170773
122,6572.28530242956
124,3504.01189132527
128,7181.24167671134
130,5276.84436365887
137,8234.5097388268
157,5907.20684524087
159,7906.47551657982
161,6114.73022097797
166,6343.30805416651
167,7668.04500475425
174,3192.94042693691
175,6955.88598928684
177,2393.66132702661
184,5598.01635094967
193,5314.87444194325
195,3997.74062837335
200,6937.38376402726
202,4018.67372363909
211,6596.63407671749
214,6610.85979580512
215,8319.19711455598
216,7397.78982522342
218,4736.72716185751
220,7890.33459399866
234,7422.50467272542
235,5661.5571360256
238,7134.55217153038
242,3502.77896126008
247,6705.56395664855
253,6797.95096401005
267,6703.97018957249
275,5411.23375516375
284,3714.60766628721
298,6596.41149713353
301,3934.51346261303
304,7528.56504835615
308,7169.83642877427
314,7196.40592051879
318,6167.70102453733
326,5168.94998362063
327,7553.56346838533
337,5660.89264531254
340,8383.31452068883
345,6289.92770438667
349,4303.12436913132
352,7036.54399456621
354,7247.49497661936
356,7071.26967469994
360,7739.06057666086
362,6028.67464599872
364,6336.64728514962
367,4255.21275335807
372,4256.87468350907
378,8275.85558851203
379,5871.3252219432
389,6149.76726648672
390,6298.91139319599
394,4122.32404046493
396,5464.56763068603
401,5857.9188685513
402,6986.23574019314
409,7989.25955230269
414,6098.62069504224
416,4489.78932760106
422,5344.95942561637
440,6496.78055489647
442,7273.54930360799
443,6848.93437179817
451,4595.88323857599
453,8003.44915260348
464,5830.58158094841
482,5715.73745064323
487,4688.41677941122
488,5563.83729950758
491,4799.6340505401
492,6362.3788711153
511,7259.615621252
513,7025.66658124922
517,7445.06398151927
520,8026.01150561864
524,6260.9547315432
525,4116.78357141542
527,6328.33573724318
528,6132.1868552551
532,5750.72676672574
533,6299.9596891552
534,5671.72750829247
541,7089.83822812015
542,5357.26706468851
548,4236.95561684128
562,6477.42572984628
565,5692.92067571093
571,6541.89335530405
575,7122.8500458079
579,7330.10460945856
583,6294.3659260283
590,7178.75305151577
591,7802.90913357951
595,6420.74657373505
596,6328.97175503098
599,5462.44244087044
604,6132.54674154469
610,4272.13927798275
615,4849.81987640592
617,4295.37257863089
618,7652.78664183794
635,7798.83462916672
643,5808.10312224173
646,7015.70975958002
647,6719.99614403285
651,4997.33549405738
660,8027.43638758756
661,4032.23812562716
672,5509.4831247648
675,7604.41263281469
677,6509.35195148976
682,5790.51034438913
683,5765.16995129655
689,4789.99984219382
697,7558.68903325356
707,5966.94231563058
715,6650.4779620041
718,5668.74115614954
719,7229.67590001731
724,4752.54217870647
725,6739.72676804189
729,7170.62199193312
732,6791.41407849761
742,6457.08928361266
745,7762.32706106383
748,4442.38205208344
752,6344.27250227437
757,6406.98226968704
762,5401.02404764935
769,3531.11233371896
772,5377.81393693533
781,7289.44058348464
782,5900.4945520325
785,7137.2602403762
789,7748.06018508824
790,6770.18261110381
794,6733.55504298771
798,7523.97306205106
802,7691.58863976621
805,6232.86017034977
809,2882.90312280331
813,6412.02774685698
814,6911.55392990408
823,7516.40999177421
824,5829.06541667353
827,7122.43810726935
845,7944.48315169861
855,5531.88438824472
860,7457.22970713048
864,7069.21410611296
866,7394.78593258586
872,6122.26346316842
876,5563.85554243297
877,5919.10212754324
881,5221.01172686325
885,4487.79190614928
900,7416.07643166609
910,7031.53222425522
914,7347.11095211186
917,6199.60872754966
921,5656.89428367059
929,5726.45128966114
935,3886.07390760593
940,8123.91177316169
949,7372.32333039696
950,7154.04322831784
954,7035.30443104806
963,4456.88726402636
966,4268.24453201734
970,5252.66193703603
979,6176.46739919878
985,7991.17053618936
991,6563.92583130234
1004,5996.98427002094
1006,5433.0266559485
1007,6125.95402251929
1012,5863.06868121314
1013,6826.20315942714
1022,5787.32748666821
1023,5241.56626742158
1027,5860.4560380168
1033,4526.4123926236
1040,5782.20834061912
1044,4552.89936676325
1054,5981.94764907725
1059,3530.78511795419
1061,5096.17874884454
1079,6627.79999936197
1080,6656.08184036138
1083,7319.06923120529
1085,5144.52912445656
1096,5793.87407545001
1097,8128.54383804645
1100,7325.11808824159
1101,7206.68709264969
1103,5654.54560226662
1111,5744.92292730604
1112,7499.44613059633
1120,6077.33236801228
1125,6797.9087775099
1126,6456.94569035954
1130,6152.89343337081
1134,6088.658928675
1139,5144.99831298223
1140,8037.58202427578
1147,4696.79689471704
1148,6375.30963585704
1154,5579.36904842073
1167,4672.54958795599
1168,7166.88782499965
1176,7617.6309776606
1177,6968.33804175686
1205,5409.26592103544
1207,7340.58998109775
1220,7233.72312072837
1223,6261.97891220728
1227,7190.36705536578
1237,4490.55823586324
1242,5074.72101732671
1247,5353.6535603907
1261,3171.65924897919
1265,6496.34382956882
1268,4335.08847862606
1269,6728.88233138223
1270,7915.61617605278
1274,6446.99858797905
1283,6128.17950131211
1285,5136.03754986063
1286,5779.76865434118
1290,5812.70224654575
1293,7229.99550520783
1297,7348.738437542
1301,7794.94130048245
1302,6409.16256588825
1305,7003.46033133856
1312,7435.39715921324
1317,8532.32353140518
1319,5025.34061301427
1329,6787.80022711259
1331,7117.35806013207
1332,4269.18900078307
1333,5018.96435600456
1336,6297.06652251761
1340,7942.24884938944
1346,6828.47079833355
1352,5565.0936960887
1356,6685.57126137524
1368,5252.70730194745
1374,4564.73680398037
1378,5986.27419401848
1381,5609.53711740469
1386,6038.64035806176
1387,7361.93125754249
1388,8091.08547740592
1393,7126.19185242408
1398,6722.74789531924
1401,7501.62746755181
1406,3983.7149295446
1408,4458.49267298558
1410,4595.22249288258
1418,6868.04038102399
1422,8137.92804679173
1426,5607.71541442482
1431,6308.09490281049
1441,4376.93067224976
1450,6062.67822243914
1459,7141.52488560662
1460,6166.10558138014
1467,6831.96382244535
1469,7322.05953072194
1478,5087.5688536003
1479,6344.60957593363
1480,6486.39639986301
1484,6625.67858412067
1490,5666.80707171937
1493,7064.64998979121
1497,5987.65042086095
1498,6226.34864962671
1511,6724.72809053482
1520,7309.4278905007
1523,6629.06247769063
1525,4246.29295235817
1532,7193.41150144791
1533,6566.34511604938
1536,7108.34817438608
1541,4456.83925607119
1543,8285.46546343204
1548,6476.25452157304
1556,7146.47232276358
1558,6634.76647332083
1564,6882.84370689481
1565,6493.71525109448
1569,5854.3220551678
1576,7901.01812874739
1583,5415.26744230868
1593,4919.23104375045
1594,4131.60882229521
1596,6062.48049475288
1601,7678.05132256363
1602,4168.3986596202
1603,5238.26900724827
1624,7481.81082897359
1646,5140.27720942253
1648,5595.61203722815
1651,4559.16324641775
1655,6837.12286414947
1661,5540.17687833635
1664,5554.04494504976
1667,6382.95178626168
1669,5411.99843046186
1670,8351.66002831038
1675,6897.4732158597
1676,6733.7739656433
1678,6783.09087095295
1681,6760.62847778799
1684,4156.69298949785
1693,6258.73321052416
1696,7166.50399689333
1702,7229.07099256321
1703,6417.22401685987
1704,6743.25589720593
1710,6137.33372465985
1711,4350.85919249421
1722,5224.0806693563
1723,6315.49853437006
1724,6724.88561377268
1731,5135.92329796258
1743,5619.29265710753
1760,7121.94873945683
1762,7924.8183278009
1763,6742.08485707225
1766,3740.58604940468
1768,6613.9663597625
1770,6190.56531868595
1771,5706.832088987
1777,7488.0487809762
1778,6467.33259423549
1782,6594.80464237196
1783,4838.32803054504
1786,7583.21683584122
1787,5134.6355629437
1790,5888.05807861433
1791,5379.24134243868
1802,5489.97806944774
1817,7162.91323531478
1821,7823.03853882188
1823,7899.70059267509
1829,7837.87422642008
1831,6610.34901830374
1841,5294.8617319891
1847,7114.23842444468
1854,6729.26219803828
1865,7656.24235104977
1867,6816.96632545912
1873,6819.15467350942
1876,5177.61363518248
1881,3701.04618452375
1884,6430.66274525101
1885,7252.40660659173
1890,8168.32397875555
1891,5407.83082106602
1895,5135.73800891347
1897,5349.78959586609
1898,7465.48878096538
1908,7967.72508639209
1910,4233.56652664472
1917,5303.73472004553
1918,7752.47507331326
1925,3502.88333466518
1931,4986.93657979844
1938,5553.22106320202
1942,4576.44104212149
1945,5845.86911180998
1946,6309.66463995057
1950,6026.12768888947
1952,6273.34794882134
1953,5873.78954053653
1957,6123.39937482602
1959,3627.58372552013
1965,5365.36347112518
1977,6863.25975093821
1978,5585.53578201062
1985,4327.01709939012
1988,3881.22144803454
1989,7616.72941445504
1996,8049.85101486599
2003,6488.803842509
2016,6725.61635600057
2018,5775.56831840537
2027,5778.87909619576
2033,4993.47858461186
2036,6508.63333499939
2038,4759.0131484097
2041,6043.68457715129
2042,6851.92065363484
2046,8152.66724981165
2050,7073.46250530897
2066,4689.9374556586
2075,2016.46496283366
2078,5297.92483677918
2097,7036.23368220133
2100,5621.17633504941
2119,5727.29913396448
2122,4986.37777982285
2123,3500.17678027662
2124,5512.44165621695
2126,5142.84389547252
2128,6959.08497676797
2131,6757.32293274426
2136,4305.18010940451
2139,4772.85730713743
2149,7423.60330963778
2154,4335.59910128698
2160,4480.17461404935
2163,5629.6589400128
2186,7019.11172178036
2190,3224.70875062352
2204,5039.54290107535
2205,4473.30979794701
2220,5449.02264704215
2221,7514.36340271382
2223,7060.87629060795
2224,5245.97955849321
2228,3390.59949512735
2247,5978.77753904207
2249,7207.83713016399
2252,4868.85254194693
2253,5305.28421948765
2259,5854.60244560148
2268,6533.30389106007
2274,6010.72648593856
2275,5670.67840361898
2276,6605.42525678152
2279,7386.71086741824
2287,5465.82944331163
2293,7675.69552465166
2296,7268.37254817325
2303,5385.46264096771
2306,7143.50518378066
2310,6812.44813888585
2315,7529.64322621147
2317,7121.32764663711
2322,6602.34804338315
2335,6945.36189610796
2336,5338.14184955963
2337,6982.38336683558
2344,7564.33908787134
2354,3733.74703841727
2363,5582.8120524993
2365,3003.99418228111
2367,6609.466930835
2373,7857.49152533312
2374,4122.8354148341
2378,6152.66115784773
2380,4220.97344714164
2382,7089.82422481102
2383,7248.22926492796
2390,6252.74981972199
2391,5706.70193824539
2394,4317.06925926795
2397,5445.97218467736
2398,7004.90827871901
2399,6022.6053519087
2403,5736.46245540352
2404,8286.47702368307
2410,6533.18599938315
2412,5251.86479254731
2413,7613.7204343674
2417,7290.45160147903
2418,6187.20993158957
2421,5582.84067901477
2427,7672.30800380146
2432,6251.11931249291
2439,4780.79702119633
2459,5090.52015022992
2464,3692.63118403489
2468,4361.08510367265
2470,4180.74296984833
2472,4438.6300476057
2476,6732.89419087618
2489,7928.79996193578
2495,6400.13644049774
2497,5238.20207057904
2498,6662.19577669316
2501,5484.80798778727
2506,5522.51983039555
2509,5974.64219708036
2513,4099.203540723
2520,6328.46027107299
2527,6879.48728837766
2534,8182.191792312
2541,4221.37845623453
2542,6712.45873213222
2547,5818.1479526106
2552,7136.6364301094
2554,7799.03027319375
2573,6923.40054665371
2578,7305.37094273508
2589,5245.23297214058
2590,4472.4867543106
2595,5238.79795231328
2601,7066.78561323856
2602,5353.2224335679
2614,3107.59660786354
2615,4461.82951539563
2616,4943.92375418763
2617,4363.14896730483
2619,6638.75640671714
2630,6361.38224338584
2632,5829.89788202384
2640,5688.51997704762
2657,5245.08637535344
2664,8341.89385862227
2665,7685.89256081499
2670,5930.31751034558
2673,7967.32147922969
2679,7046.46226853009
2682,6859.36764563667
2683,6236.57940127632
2693,5000.34323278962
2694,4819.34626965657
2698,7343.81300986488
2711,5048.3105495742
2714,7180.76792474496
2719,5727.3042392627
2720,5402.15590214935
2722,5533.176941618
2729,5095.99998796309
2730,6504.54230226278
2736,5896.27560952267
2742,6749.47508308491
2750,7244.89570987594
2752,4000.09284223486
2753,3961.61959001488
2754,6360.85652291432
2755,4546.31481863547
2766,4701.88844097246
2768,6229.38547472027
2770,5939.81878754211
2774,4821.69639203794
2777,5718.03589273455
2779,6694.94839926478
2781,7177.36542258662
2785,4982.673409592
2794,8163.1171621179
2797,6492.20473871997
2804,7470.51243089382
2809,5178.53761823349
2813,5858.75251036303
2827,5733.55624843122
2835,4409.34120710076
2836,7732.95050203281
2853,7678.67588538757
2866,4183.06316181929
2870,4136.86758743532
2877,6954.32657027027
2878,5840.72959007374
2898,6607.94354453298
2905,6588.24295823225
2906,7480.4339188267
2907,5035.44186166632
2917,6818.19614569624
2922,5746.24204521242
2923,8342.3958223925
2926,5557.29567972727
2928,4157.03909784009
2936,7008.83129768482
2954,4892.46589649802
2957,4705.04578553852
2960,6604.1258044478
2966,4504.1367715764
2972,7252.53145119532
2983,3296.7367527393
2986,6497.69423220666
2989,6235.7132395326
2998,7568.72881603247
3000,6109.72388798399
3011,5661.04108523793
3015,4935.49198805502
3019,7150.54583619216
3029,6010.22100133777
3035,7816.7342738396
3038,6349.88693896372
3048,7340.11279711693
3050,8222.1126648495
3058,6945.34034194872
3071,6081.49513696504
3080,4573.35289283947
3081,7390.56061502221
3089,5284.77826130269
3090,5223.8183375431
3093,7886.04408659266
3096,7229.80844488733
3111,4715.55968021827
3114,4957.06469916631
3115,4928.6384208875
3122,6191.50708588057
3137,8037.30595656511
3139,6191.64559113906
3142,4515.2650836529
3144,5229.33746936343
3152,5891.35995203174
3163,5704.20673155605
3165,4144.10512455831
3168,4285.66569553752
3191,5230.12277082834
3194,4895.13902292983
3195,5679.62976868288
3198,5560.7705978082
3205,6164.88388434853
3207,5526.26359798028
3214,6181.80408030856
3235,3438.07136454759
3243,7494.26862356053
3247,7187.59859074365
3248,7231.57185217685
3249,4953.90640345234
3253,7053.0404492181
3255,7280.36341620698
3260,6133.37715782202
3261,6106.88180840765
3269,6747.34317514702
3270,6793.13131180921
3275,6455.80368741673
3281,7242.4409970955
3282,6477.25446760667
3285,6482.58695346306
3290,4692.55146437197
3291,6392.41232220195
3297,5888.37591459761
3298,5061.65683298775
3304,6619.12117310377
3305,4751.6119663035
3309,4418.32207858791
3310,5800.53700839857
3314,6945.74991424871
3326,7548.52804764983
3330,5860.80894233628
3337,6128.4959111029
3343,3928.50272078148
3350,6963.62071545833
3354,4808.36251492081
3364,7785.45717261176
3365,5779.87316923885
3366,7130.835155208
3367,6445.23781922921
3371,6124.47189434047
3374,6689.35291300486
3377,5219.48892442773
3379,6255.82164663786
3380,6172.17590728688
3391,6964.41255940216
3392,5954.48770306548
3393,5250.13159654365
3397,6711.02419645646
3399,5122.69629886703
3421,4989.03952712609
3424,7128.9396442777
3433,7276.49061651608
3437,4389.11119863092
3441,5682.03035878556
3443,6811.08800729075
3444,6029.23189993755
3445,7506.26263779277
3447,7257.7440765151
3454,5231.23543978985
3456,6001.82184366503
3458,6222.2501696216
3464,7338.57916051515
3471,5717.82274331405
3473,4296.48011059257
3476,4743.02019713089
3484,6648.1082742842
3486,5924.43145326161
3490,6578.10751430227
3491,4862.25640456828
3492,4831.84972562472
3494,7013.21732456444
3495,5697.33222153394
3496,6108.04943520029
3501,6161.14354612597
3507,5729.39040699151
3508,6208.68967281399
3515,7198.40110792914
3521,5783.86698294126
3531,4718.72913818977
3537,5019.17809437142
3546,5264.50019508377
3549,7381.00590920035
3550,5272.15342992166
3551,3825.279153559
3556,6260.74870589028
3574,7169.53584044033
3582,5836.0961348723
3585,6136.71794159925
3599,5283.05743534149
3601,6319.63229606085
3606,4929.05714266464
3609,6953.03266807763
3619,5760.99455029913
3620,7766.51527702573
3626,5812.79794003194
3634,4780.97937053722
3635,6114.03826338943
3639,3699.17342136678
3648,6351.03446301694
3651,4764.0584171157
3652,6468.98827293337
3663,6063.54295898836
3664,5227.6616244142
3667,5929.40194560042
3668,7860.71925457632
3680,6890.44532182659
3682,7858.47888471716
3686,5721.95600434424
3687,7289.7641231842
3692,7484.47099519797
3713,5254.87812353771
3723,5055.0241266102
3724,4545.63301220323
3725,7169.51262633037
3727,5018.08357694095
3729,7674.69494538684
3731,6672.40154788797
3733,5987.63614413121
3737,5779.7903878718
3739,7230.34188916085
3757,6287.87910663343
3764,5889.87318664468
3766,4849.50316699786
3767,7593.13150128951
3772,5757.54634122567
3779,6086.1945090168
3788,7938.04206736892
3797,5081.39866431266
3802,7294.24122368389
3806,7041.94818218787
3809,4111.7025230665
3815,6007.21647326872
3817,4937.89058159309
3822,6486.08613937153
3831,5234.64043410885
3836,5025.78461407719
3849,5498.45563084275
3852,5842.94179904222
3854,6552.16395946507
3856,5600.81996045324
3859,4733.45894620881
3863,5548.72641737055
3868,6755.77991333131
3874,3820.54351144945
3875,6416.45989062403
3884,5338.80072732304
3899,7194.54976652371
3900,7593.94135893679
3909,2028.9101604035
3913,5891.57140124401
3914,4319.70901800149
3918,4802.20047293535
3921,5442.54691083776
3931,7408.32066346003
3934,5390.88890325304
3936,4945.18848609063
3939,4542.32670498749
3968,7769.99941482927
3974,2534.50557454113
3975,5096.96035732374
3981,5305.74431577413
3990,5703.37028199511
3999,7164.62135488974
4000,6274.29707201889
4002,6579.04153442916
4008,5568.47739926472
4012,6467.0739993594
4022,4762.7350354766
4044,5541.90353445477
4048,6779.0752086342
4051,7011.55759510442
4052,5306.49620734831
4053,4666.8360957159
4060,6236.53318539969
4073,4223.8277116116
4074,6295.51280990983
4081,5498.10507267803
4087,6124.49360012586
4088,7826.13271321362
4094,6135.02246968496
4095,6658.9358798202
4102,7383.891815141
4113,6351.57136929644
4125,7083.21885963502
4145,4440.52165052019
4148,7229.08861524264
4157,5217.08789807054
4158,4842.36645158476
4165,5373.970557119
4169,7348.42618000564
4172,3612.6038603671
4173,4959.44027068812
4179,4240.45757841358
4180,5769.78938382608
4182,7138.6410975996
4185,4689.76068725467
4186,6418.65803955284
4201,6267.83300971726
4206,6085.45413248638
4207,8119.9549464462
4216,5855.55576310311
4217,6340.18416558553
4222,6675.93145493014
4229,4435.2655606759
4236,5838.94403008378
4256,6113.61756799446
4258,6748.63153267437
4260,6589.23214927018
4266,7462.95205175147
4269,6642.90108852026
4270,8020.1122448081
4273,3411.8614034594
4274,4783.03067281707
4279,6852.35775220866
4286,5619.4649447695
4289,7137.20095427615
4302,6218.86651099146
4336,7404.01841860893
4339,4218.60934565255
4342,3983.77267426335
4343,5019.32969678733
4354,7741.57627614398
4357,5363.88710541493
4362,5569.17955282264
4363,5519.54260299585
4379,5253.38290455632
4384,6086.21603088051
4385,5440.22468523704
4387,3804.72455898377
4389,4162.24567546786
4396,7010.4643666484
4397,5313.63460826559
4399,6325.88662830675
4407,5948.80653331965
4408,6026.19554420444
4409,7273.32412451804
4420,6561.98141739934
4422,6969.21481927141
4442,8027.49740951994
4447,2644.68830167269
4453,8436.0235396019
4454,5306.6065999872
4458,7085.24817217052
4460,6385.7281235401
4466,4608.34248351674
4475,6895.00883531903
4482,5353.28137024343
4484,7994.37564386618
4493,6729.77106209678
4494,8140.97308541627
4501,6189.62635214649
4514,8115.30993680672
4519,7803.89571521181
4521,7473.11048893116
4524,3419.27763525458
4525,6702.08780791269
4530,7549.88019148775
4533,7233.61139974184
4536,7115.11406213807
4537,5756.8321586443
4538,3811.96240406167
4540,6545.68389910461
4541,5531.58713823899
4549,4436.78554202553
4550,7133.13281586093
4558,8121.91155050044
4573,7185.03681161705
4577,7894.69890217278
4581,3886.78540475828
4587,3675.9736790448
4588,5791.24548952595
4590,5454.21452452886
4600,6354.09762450948
4605,5357.06238294623
4613,5143.87395846553
4616,6786.51370518798
4622,4536.13402354275
4623,6869.93795129444
4624,6816.7310029447
4627,7239.83213150407
4636,6293.1296860976
4637,5446.21053926991
4638,5244.67377065806
4639,3919.81892541319
4647,6823.66992414265
4651,6086.50038477282
4652,4004.44311605318
4654,7061.24524698963
4655,5403.76850035157
4656,4910.37136884638
4659,6146.7803880748
4665,6682.46326817524
4666,5394.51340472263
4669,6727.28504827833
4670,5785.4141094823
4673,5731.57773644291
4674,7747.40430886431
4679,7661.38718210233
4680,3969.14517684364
4686,7023.76280642902
4693,4167.42828708796
4696,6307.20214020709
4698,6108.45192441404
4710,5401.73845137486
4711,6797.21475527678
4713,5133.02212404213
4715,6972.08595535752
4725,3330.14077981349
4726,6413.04947065759
4730,4367.67157027035
4740,7518.55253150238
4744,5512.83230384685
4745,4878.47684072675
4746,5024.43417051895
4748,5610.66870808527
4750,5018.16656975127
4755,5059.31658513575
4757,5673.43110562075
4762,6467.97495941696
4763,5575.15830991995
4772,6723.71347984203
4773,7367.56965109348
4776,8130.29451449997
4781,7931.2010008325
4794,6123.6714633325
4796,7091.64029763464
4809,3911.20251230037
4814,5245.59882484711
4817,4962.62949019029
4822,6591.0811968064
4827,4902.66217148408
4829,4031.87593060811
4832,5238.12459483199
4837,7960.5702596431
4838,6852.25569558277
4843,5577.45096960839
4846,6861.35222200066
4848,5529.40280074063
4849,8134.90243791366
4853,6145.27533802983
4855,6509.22347167564
4857,6720.61123127077
4867,4461.73504853355
4868,5202.01879635089
4888,6195.44334577829
4891,7174.23464730778
4898,6603.84018669979
4904,6644.00249123409
4905,7148.21033288792
4906,4447.40152934962
4914,4026.81351913102
4918,7254.64294195649
4925,5860.26532157232
4931,4530.07450824209
4935,7242.33154661208
4938,5878.74268748918
4944,4314.17030310754
4949,8339.49721860169
4952,4453.02320389657
4955,4105.98558252282
4959,7470.15317113476
4960,7133.44653661239
4967,5413.14386135325
4969,6729.85554382178
4971,4054.68541622084
4987,4922.35536270572
4994,7180.83672857234
5000,4252.71944091104
5007,5912.27388351944
5012,6381.01760436353
5019,6442.91359976428
5020,6988.6644235377
5026,7476.68471021677
5029,7958.69956483112
5032,6176.28570125397
5035,6876.38669913286
5041,7162.09290320731
5059,6159.06418261805
5063,6123.60759442173
5064,4837.61137135484
5068,5655.89068228951
5074,6494.93835845331
5079,4544.5844943795
5082,5213.75655532142
5084,5629.95770959384
5087,4371.58337795166
5089,6544.54313079823
5098,4441.66279138456
5099,4478.6091758544
5116,7022.06839107202
5118,7708.65077574735
5122,5095.17094230609
5124,5109.17696358964
5128,6745.001764535
5133,5799.50191793406
5135,5829.21603769669
5136,5244.74538663268
5141,5181.96550299693
5143,7747.88718908647
5144,5649.62242073322
5146,4094.98656470141
5159,7518.98320831158
5163,4116.01961782813
5170,7535.22947583245
5172,8045.64857816972
5176,6199.07237561674
5184,6555.80448517504
5191,7605.41386918723
5193,6578.29098472343
5195,5968.32602752658
5204,5852.78886198808
5205,6708.52590030071
5206,7138.85328202395
5208,4380.65244118103
5209,4882.06580192375
5211,7811.36497330829
5216,5360.24217261529
5217,5917.41140908125
5221,6045.9573803478
5222,6014.5999656482
5225,4340.81040860996
5230,7784.07841382119
5234,2161.37157989396
5235,4826.33272337038
5237,7546.69767569451
5242,6321.54540845389
5244,3662.24109262479
5264,5056.07523888123
5265,6640.484364713
5269,5998.58961972861
5270,7802.88019236639
5284,6325.70587918558
5294,6138.29908013484
5296,7662.19771025539
5299,3923.6364491254
5301,4857.89127716656
5314,4934.57982494621
5318,6045.27182781721
5319,5757.61147317372
5328,5512.86367090295
5334,3337.21771573716
5338,6509.46980767453
5342,7256.10665828671
5352,5920.33442043342
5355,6958.30511703587
5357,3257.56160779647
5370,4601.54074919523
5381,4957.18372277433
5386,7279.12713413069
5395,5968.42403918949
5402,5454.4751393774
5408,7299.00972000035
5410,5686.75769754339
5413,5720.87877456385
5414,6769.06702880888
5420,6043.20280306439
5421,5857.48439621141
5424,5379.9970334409
5428,7019.98174047844
5431,7042.90580584635
5433,3485.39420338674
5439,5257.75234038216
5447,8157.19304408577
5455,6132.75269858511
5459,4296.95765222312
5469,3531.20322408651
5471,6870.70534165237
5472,6632.51475949732
5474,6963.0086819767
5475,6089.32346279966
5476,5524.35576888219
5481,5204.27564916917
5486,5692.83192417674
5488,7726.28262791058
5501,7623.20216805598
5503,4535.95750085615
5508,7611.48252552923
5514,5500.08494924599
5517,8345.12390487497
5518,5768.46099216441
5520,8040.17966858281
5523,5089.67638967331
5526,5507.46895799212
5544,4438.96919222844
5545,5877.35025258176
5549,7615.8781329435
5551,5461.50760659304
5568,3761.18775274694
5569,7921.73878659015
5571,6292.59190427806
5579,7307.99707608155
5580,6011.45193196888
5582,6894.3628047823
5585,4981.79961307659
5586,4815.83089629816
5590,7608.08528178171
5602,4153.36654608942
5614,7772.37877654079
5616,5940.70184864192
5620,8231.21948258706
5621,6234.87893900448
5623,7030.1861961307
5626,5015.07485415613
5635,5093.69554363526
5639,6319.23479001086
5642,5840.04756196943
5645,5150.61211058304
5648,8336.90787902126
5651,5713.05301407363
5659,5672.93928947685
5660,5917.92710413929
5666,6541.87905012528
5671,6220.48132096301
5672,5456.67605865923
5674,6395.33290581048
5681,6443.55163037974
5682,7246.25353443513
5690,6190.40363640168
5701,7154.75160493361
5702,8295.10586675174
5703,5141.63426745105
5708,5284.9982429233
5717,7156.68329448323
5725,6193.14547641263
5729,6204.3522512932
5730,6215.31531072041
5731,7609.20117599819
5741,5171.52542821403
5754,5905.83308455763
5761,6632.83807110519
5764,6784.51507857234
5768,5751.10786894948
5771,7294.72756252172
5779,6370.486469544
5780,6203.82775125913
5782,5467.23881737157
5785,7558.25949300182
5796,5499.94505015949
5799,6550.75126711375
5800,4282.28642748632
5802,6420.9596525522
5803,7109.54575088588
5811,5760.31321927943
5814,4988.67050305028
5815,4330.96815493245
5818,5866.56047062038
5820,6074.81153611192
5821,8135.44725033075
5826,6062.67029545296
5833,6907.17064966216
5834,4550.88359105911
5838,4981.65998637512
5847,6074.65586117518
5851,6392.64089306425
5873,5247.68213814651
5874,4355.91679749986
5884,5751.85776390614
5892,6967.93148121118
5899,4962.38773288934
5901,4522.48949307873
5906,4438.00749220447
5907,4383.23960041669
5910,4189.43875919271
5918,7423.54974596288
5921,6109.35261143821
5926,4790.10920734743
5934,6533.7226219841
5937,6978.27169101747
5939,6952.30853389274
5957,4363.93856429621
5963,6497.92679307187
5967,5540.02012069862
5970,7015.77316749727
5977,8057.72588239357
5979,6342.10538915005
5983,6991.33306514308
5987,5417.89470420887
5988,5613.47488414292
5992,6714.14932809574
5995,7179.72187737748
5999,7503.5267135657
6004,4409.06977030263
6011,6610.28206082922
6015,7252.55392237916
6021,6642.01177104233
6022,4814.38508929247
6024,5944.25046417073
6063,6330.71985250077
6064,4294.95609892315
6070,8551.48530800576
6074,6782.00670293879
6075,7057.68806224083
6076,4803.56215203818
6077,8305.38786711541
6080,4909.54731774243
6083,6458.11188188459
6089,5582.53156487532
6092,7229.38534172155
6093,4971.17724932806
6094,7729.05387264441
6095,5788.40326055792
6103,7920.0260130811
6105,8062.50661699302
6109,7219.07571060276
6112,6318.9158849225
6114,5336.5172097316
6117,7058.88727868798
6121,7201.30468908963
6125,8282.39068525303
6137,6693.2898318542
6138,4338.68141034595
6139,6731.25271164684
6145,5771.19414820487
6155,7240.56953959872
6158,4932.0119603499
6161,5578.9843800915
6165,6601.68223183717
6166,4701.05825223652
6174,5810.51251609244
6194,7407.65721737717
6195,4280.69015465204
6200,7981.16011595418
6202,4345.21419354132
6213,6233.33128731194
6215,5516.88866954427
6219,6494.07266031808
6222,5051.5308056497
6226,6418.93246973367
6229,6049.30814445273
6231,6511.69740437819
6247,5102.11788582818
6255,7077.01443673681
6257,7031.26104903217
6260,4948.07649782411
6265,6187.71308044628
6269,5483.89188732083
6272,5641.67650373846
6274,6399.17886112269
6281,5983.63408651118
6282,5683.61590943159
6283,6255.07226367793
6286,6950.58342700807
6299,4012.42005767898
6308,2743.95526973104
6309,3479.79123418945
6318,4254.77337912515
6322,5469.01536639613
6324,3903.68095484601
6329,6708.88539072682
6330,5873.6245777655
6331,6885.55029641721
6336,6309.25662886511
6343,6705.3652070924
6345,4991.11419500056
6357,6417.07384447923
6359,6108.30373586945
6363,4957.04983897053
6365,5904.84166193928
6368,6431.51288351041
6369,7041.76448468119
6371,7191.85308373623
6376,5768.3701966558
6387,7039.68060456929
6397,7803.31450030853
6400,3977.67111220769
6402,6327.08085724975
6405,5143.64138040599
6412,4974.70027969604
6415,7808.19721903552
6417,5211.5925098606
6421,6337.20929955937
6423,7232.3518501461
6424,6342.16876143913
6430,6163.28859041424
6435,5389.57980449362
6437,7111.15946112827
6445,6574.82301213083
6446,2686.65662603398
6450,3545.57970623053
6451,4789.225695911
6457,8239.38022873542
6461,6653.39437567109
6462,8205.7547776245
6465,6914.12408814014
6468,5969.39606100181
6472,3618.26357233758
6478,6502.34495594102
6479,5136.75569292941
6481,5487.71829392866
6484,5041.69208721387
6488,7184.98751126567
6508,4518.33432457871
6511,6851.50693633436
6516,7182.8534408228
6518,4137.60357820096
6529,6433.319423523
6531,7243.07521978762
6534,5886.13466672783
6540,6628.38874606741
6545,4592.98270473683
6549,5093.61718897724
6552,7528.88292003844
6557,5891.8639054593
6569,6845.60152203199
6571,5911.78557160016
6578,5420.99267712457
6601,5489.6989344102
6605,6972.30400062393
6611,4391.57953155531
6619,5851.61968497383
6626,5602.7240600485
6627,5589.30028291878
6636,8031.7835668217
6640,3587.74948043131
6642,6951.02727814832
6643,8095.92976626024
6649,7155.26071463637
6652,8286.28519289776
6671,7999.68568660932
6678,8007.87517245459
6680,4385.30867356954
6681,6573.06805928434
6682,6086.08742697588
6684,6762.70876957598
6691,5834.07408106649
6696,6420.65893835786
6699,5649.19113004836
6701,5333.73502317692
6709,6827.97785631699
6716,5083.92171454793
6717,8150.25090653336
6718,7539.46174500378
6726,6646.070232931
6729,6820.5719970214
6733,4483.55275776626
6737,7987.03555888712
6740,4239.80764830518
6750,4875.32624943997
6765,6185.62769412811
6780,7888.31872135855
6795,5311.99803776871
6806,7966.6208304321
6807,5740.48049546914
6812,6476.82377261411
6826,6889.21883541432
6827,4762.5015231283
6828,5913.14934236753
6830,4274.72675962954
6833,7193.10088294939
6838,6585.17218714499
6840,4682.23736755811
6841,6723.3001526378
6845,7345.1277480358
6860,6933.55083757825
6864,6344.17714095243
6872,7484.28007235849
6890,7242.0535798557
6892,5863.80189182267
6902,6574.96726154126
6907,4925.15461329663
6909,6241.65015953974
6911,6607.5390586611
6919,7691.64174513585
6922,5854.04725746214
6925,7193.86386211551
6928,4355.143678369
6933,3227.84159487637
6935,6459.95526665186
6942,4509.95542452771
6952,4447.75183005101
6960,7106.81193665142
6965,4475.76814582679
6967,5276.0370908141
6978,6302.97602523189
6984,2611.49307683713
6986,6309.14994410268
6987,6262.39995747986
6989,7650.53086508732
6997,5491.49908294672
6999,5252.12496486593
7008,5669.09562038238
7010,5724.17879791442
7015,7836.49342468107
7017,5076.05505948372
7019,6028.80652380429
7020,6749.65837635877
7024,7283.11466947137
7031,4691.20042437768
7037,5290.2196908403
7042,6263.70777539432
7054,3913.34280063138
7071,8010.38853764448
7079,4671.78985464666
7080,7299.87375751661
7083,8547.92558580284
7093,5912.33018131744
7095,5823.68523818445
7100,6260.39067306763
7106,5433.84116103304
7107,4498.93146007812
7108,5636.11694195612
7122,4181.65061692354
7123,6822.66399682052
7132,5706.30404530871
7137,5302.04766869567
7139,5347.38403560206
7145,7730.55265766651
7158,4874.33535953288
7164,6829.3424432246
7167,3846.84201601384
7177,5979.92624797197
7179,7252.42266940246
7181,6275.63827035213
7185,6451.56128599481
7193,3943.00150711046
7195,6444.69243391929
7196,7600.11543227095
7206,7723.5595225976
7209,6619.42508618753
7220,4515.70481143277
7222,7199.00702009866
7243,6290.81427658595
7245,6223.7528322207
7248,7091.80167177594
7249,8214.40913358621
7254,8114.66503713882
7256,4235.63967078407
7258,5574.53411897569
7277,7402.65536612958
7281,7553.21302002914
7298,5522.13691993875
7299,5051.30444703142
7300,5719.15140098689
7308,7161.74628573955
7311,6189.33212987293
7312,6434.70666107842
7314,5500.40904611354
7315,7287.78473452718
7319,5501.84145491176
7328,7485.39591836076
7331,6111.39433338694
7333,7110.7552865256
7335,5942.27248485053
7342,6392.15146096937
7345,4485.45716549501
7352,8083.50493730743
7354,7377.3471075891
7356,4126.27919423151
7367,7871.05316643478
7375,7354.36315942441
7381,5005.95396041066
7388,6054.53479151342
7392,6568.51625346151
7399,6528.06887885154
7402,3936.87378338542
7405,4030.57045340814
7409,5394.0088007138
7420,4322.42904669464
7422,7182.54045410885
7427,7810.65946133676
7429,6007.06277393292
7434,5624.76303092767
7437,3395.25882461669
7448,7192.30711942
7456,3911.45149149854
7459,6213.98136641012
7466,5144.72124790205
7468,6912.06334945466
7478,4467.46533027197
7483,4109.48731126949
7484,4755.56794299827
7487,6622.65933835906
7488,5551.32957838005
7489,7400.72857093526
7491,4592.96417875919
7492,6508.60426605746
7494,7799.27486449899
7507,5707.22462385004
7519,5854.67500436093
7529,6529.36522347361
7530,7396.48611723865
7537,5527.66008834975
7538,4684.94564949307
7539,4921.34993335002
7540,5940.7628889752
7541,6842.66833830013
7543,4019.92863529139
7559,6803.12868992593
7563,5847.65372022108
7565,4147.76885923435
7567,4496.41432364002
7575,7116.49738695192
7577,7973.79852105355
7583,7330.21231539015
7584,7277.67138694352
7586,3911.0856751515
7599,5808.57066546135
7603,7540.31060600606
7604,4373.18360426964
7606,7903.49974705835
7624,6057.0899957859
7632,8354.34427037496
7640,4868.55422369417
7646,5390.64026146635
7651,5074.4791341523
7653,6145.36705370002
7661,7212.69718842279
7682,6161.91148530095
7684,7752.34517220485
7688,4460.11927265889
7695,8003.09759174152
7696,3607.30978637007
7707,7451.90583538694
7715,5572.14983935099
7716,6444.72446696406
7718,3085.39254425228
7726,5019.62915450926
7728,6451.23824345449
7733,5910.45975051169
7736,6278.28597522336
7741,8096.35810947805
7760,6932.08350217219
7769,6757.93514148318
7773,5009.22823263927
7777,6553.19186906903
7778,5854.27162499951
7794,6617.52742334178
7797,8089.74277162343
7798,7860.87640760701
7803,4083.41722740793
7804,6201.74188771785
7805,7241.21994950248
7808,5818.99874016312
7809,4662.76247994307
7821,6515.96764544965
7826,5710.51009224435
7830,5012.61637324303
7831,6009.82261049889
7843,4895.47173948658
7845,6065.83182277065
7848,4843.05589844454
7851,4702.91814548439
7865,7808.94217812379
7873,6857.48136848572
7879,5562.14540545693
7880,5936.18542319238
7882,6299.88737221346
7886,7056.37905196801
7888,5209.56367251349
7891,4303.09750649217
7892,7921.32044698694
7893,5467.81157517131
7903,6160.1216976433
7909,6460.34675464607
7911,6544.71586158704
7913,6840.65357617191
7915,5497.43149482636
7926,6070.57777713315
7930,5738.54785146325
7931,4172.28857524385
7934,5444.87049397816
7943,5015.63568721388
7945,5573.81890550467
7947,5495.85123088546
7953,5702.64298465656
7964,7536.2540757855
7968,5624.78168824611
7975,5036.30068119488
7978,5556.85276410314
7985,7604.15651950586
7987,4799.53085604057
7989,5568.86737367055
7990,7921.35885624815
7991,6605.33828201054
7993,6469.4115932423
7994,3939.13433610266
8007,7099.23700786274
8008,5637.90129099911
8009,7277.2223221624
8011,5982.33526082469
8018,7234.61053732816
8026,6078.03027034364
8030,6813.66037871088
8036,7393.93486347881
8041,6667.50373873537
8053,4820.15327597558
8058,6500.63530325357
8059,5070.64646922051
8064,6407.1546474928
8065,7966.51723318015
8072,4424.74676803533
8075,4001.04392331512
8084,5017.18891514435
8085,6189.93514446207
8087,5997.08734963945
8090,5338.50317715756
8097,4104.00128530935
8099,8097.10741096975
8100,3428.53735003069
8102,4702.03941243656
8110,5755.33620941974
8112,6338.3021815063
8118,4809.89946634568
8124,5724.19036882009
8129,3733.19549144857
8130,5907.63098792381
8131,5255.72012294608
8139,5830.11788730773
8146,6375.32784722268
8148,6121.88784702932
8152,3899.68240441767
8156,6229.78129870141
8167,6005.10713197641
8170,6380.36398149594
8180,6394.53647046887
8183,4301.09883590448
8189,6656.85563319678
8207,6368.21761203553
8219,6167.21992582603
8223,6847.76546455753
8227,6784.52487748227
8237,7295.36040548297
8250,5367.7678835993
8255,7828.35338368484
8260,7388.02083689269
8272,6110.57671596455
8278,5289.24313640046
8282,7482.66548181578
8298,6690.19368985289
8302,5487.3952160759
8303,4898.17069456698
8305,3953.91885158634
8309,5761.6173187322
8310,6209.58287402154
8312,4789.80759559216
8314,7411.61346832741
8337,7323.81985942065
8341,5996.59677607093
8349,7452.92911502232
8350,5579.4979210311
8356,6209.63269335698
8358,7260.05352508482
8359,6617.27914488513
8360,4564.41514275192
8380,7734.33847044178
8382,5713.96157441047
8399,6730.61268003072
8401,5381.7832105507
8406,4641.54734069685
8409,4181.08431732385
8412,5641.31312869378
8423,5576.35127850424
8424,7378.70161312768
8427,6109.8829269674
8434,7036.12212251631
8449,7131.18381046327
8450,7289.54468692886
8452,5967.46762290378
8458,6539.93901445841
8467,6712.84578273297
8473,4242.31386588309
8475,6784.65202877011
8476,6581.45169538699
8485,7432.88454560999
8486,6329.16830789681
8491,3989.19633619709
8498,5339.2952788665
8504,4856.6307134652
8506,3399.22571933632
8509,4254.8246835479
8514,7104.34130582875
8531,6966.11300204555
8542,5049.89688772365
8545,6072.0685569042
8553,4470.09433076694
8557,5775.21405130328
8561,6040.95911478478
8566,5046.49320266656
8568,6056.70737434454
8572,8509.57018767692
8573,7811.46407516602
8576,5608.00124364573
8579,5503.1702175776
8588,7139.06179720386
8589,6847.66658879637
8592,4246.30356838695
8594,5218.29060998024
8599,7518.81403826495
8600,7659.64594810874
8602,6884.5653860329
8604,6027.33103299725
8606,6595.95129284554
8610,6889.37612247774
8612,4154.75006926493
8616,4214.96831779483
8629,7261.60808475961
8631,6802.43747301452
8632,7208.98552962463
8635,5117.40096967167
8638,5636.91823310956
8647,6845.46161814021
8651,6520.05764962259
8653,5928.48055320198
8657,5714.68651625812
8659,5556.85638909447
8671,6506.54075720028
8677,6308.31197014511
8678,5277.93918167169
8683,5643.98636787423
8685,5282.68629708996
8687,7467.4669514859
8689,6139.35479119199
8691,7155.35199380923
8695,4294.54935492382
8697,6508.76674309527
8698,3456.44400803986
8699,7266.69868252788
8702,7864.18759583034
8719,4396.07369114963
8724,7416.44649421253
8727,7150.01339111737
8734,6270.59678758095
8737,5410.92465313482
8738,7645.12789948385
8746,6139.73765509251
8748,7473.76021436691
8756,6214.81157930828
8757,6989.78058825154
8780,6535.81315633037
8781,5467.8181882161
8783,4573.60082548779
8791,5285.73261100771
8792,6050.70034379858
8796,4456.40319585116
8797,7608.31562247334
8806,5095.19576511679
8815,5428.63269198866
8820,5190.55087737875
8821,6789.61469122867
8825,4077.50339454824
8826,4342.80161642003
8840,7382.95152184938
8841,4305.59575710332
8843,8338.5968473755
8845,3933.46081569111
8846,7188.23224088755
8849,6079.17242433466
8854,5716.86420126569
8856,6229.61066621197
8857,6530.87161263351
8868,7276.82885246393
8870,4396.01899399892
8873,6615.03900605029
8877,6519.15556296369
8884,7427.86077842996
8893,6305.42538785185
8895,4681.05965397748
8901,4594.66847022551
8904,6268.40691941746
8911,4625.74131525765
8912,7334.4902703758
8918,7275.92908533616
8921,6280.68134283586
8923,7085.46090184313
8924,6221.97861180438
8925,7323.71754220997
8928,7091.86520092983
8934,7689.39319157561
8939,6774.9077815375
8942,5666.50245824208
8944,6293.15313334683
8952,7421.10350877997
8960,5555.52641690381
8963,6395.88918744711
8965,4979.36811379107
8978,4773.93108518519
8989,6826.84073190667
8992,5764.53958623223
8994,6294.14726327431
8995,5571.64055574506
9008,6548.12126404936
9013,6045.59837535687
9019,8188.31489992363
9022,7225.19565778165
9023,5041.36991034555
9025,8164.62046590471
9028,3553.700655068
9030,7503.10376566401
9040,6081.97286347356
9047,4621.40374540537
9056,7080.80621029306
9058,4936.66011106712
9059,6256.21066173857
9075,6765.89112887128
9079,5762.86553067722
9085,5627.81247550193
9093,5579.82894115535
9118,5913.89030622047
9122,6856.10061364463
9133,6077.75225924597
9153,6809.29202736499
9156,5801.13143698196
9160,7367.71432616424
9163,6666.99834729616
9170,5824.58358616725
9173,8047.44038390642
9177,7345.98252876186
9179,4759.83616059761
9185,6015.52563270041
9190,6691.39078773605
9192,4525.39479335364
9193,5585.82963026728
9199,7069.40309516719
9202,5356.64571479651
9210,5907.22980674509
9212,5251.77853963674
9214,4539.39241501172
9216,6028.6547419215
9221,6829.70807117123
9230,6381.91705691114
9231,5902.01199813864
9232,4720.91135926724
9247,6024.84565127988
9257,4738.67061613185
9261,5227.99008631947
9264,6360.29844923726
9271,8310.36230534008
9272,7346.39734543141
9279,4680.69598722474
9281,6496.08023696724
9286,5044.07647997784
9290,4229.87139234827
9294,2605.71568288279
9302,6921.34635750659
9303,8041.35904260265
9306,7270.39834757117
9309,6033.58450970301
9311,7074.35070406055
9316,6340.64375007738
9324,5070.75972966764
9327,7203.21526176521
9329,5310.86071876829
9337,5485.68916698797
9347,7496.00269296098
9351,3634.5719671571
9352,6591.37703601027
9359,5782.09941102606
9363,7934.9753696467
9367,4191.83804450393
9382,4914.91971348681
9384,5809.58502647843
9386,4916.76619981247
9388,6733.21556602083
9391,3358.25554637764
9399,6901.48129536441
9402,6871.59604441015
9412,7871.82611896759
9432,7282.39955361766
9434,6253.46457454632
9451,4283.43512391872
9454,5639.60344332481
9455,5600.26990913154
9459,5943.90237705166
9473,6044.49097707279
9480,7066.45244476716
9481,7295.10540090765
9487,7605.23130288027
9493,7161.47887289714
9499,5634.45518259595
9502,4709.12598635648
9504,6047.59960600701
9505,4507.15767716841
9511,6846.02459272608
9515,6307.54868707792
9518,4931.5673093816
9519,6814.52843663037
9522,6079.78217982153
9524,5859.5939590857
9540,6373.16408779449
9547,7100.29145153856
9548,5694.24974840307
9550,5234.60957004463
9565,7242.30024029975
9566,4212.57356493941
9571,6415.90676413968
9581,7328.46444572207
9582,5629.79983200794
9589,4198.48305681047
9592,6991.30175113759
9594,7044.69900174202
9598,7192.97534022862
9602,4395.77554258478
9611,5065.09812770906
9626,4288.60641502778
9629,4287.34648123199
9635,6338.5533737696
9638,7465.623833542
9651,4010.14865603178
9657,6296.18551961808
9660,5684.63194485452
9662,6386.63554993838
9664,5783.48275237301
9667,7274.44247856206
9669,7816.47418619779
9677,6395.42468834962
9685,5064.06440607435
9688,6208.79098328657
9692,4200.55784223215
9699,5914.10503971494
9701,5239.80965235911
9703,5136.31949321736
9709,5730.28281384318
9714,6467.02549345986
9717,6558.72607312108
9725,5353.51582279577
9726,5512.54337666319
9729,6950.23166934277
9736,5246.11556088267
9744,5712.53546091921
9765,5142.17798296581
9770,6274.76624018623
9777,7460.87080996554
9778,6542.43474104969
9788,5213.28389542644
9802,7563.9569257186
9810,4430.99323967552
9818,7316.57603793476
9820,5023.92067109432
9828,6456.64950004794
9831,8272.93378120601
9834,5063.34978456258
9839,6664.36690559863
9849,7858.93128872727
9850,6985.84183689353
9855,6936.72314801483
9856,3917.8296036741
9859,7282.81793023711
9862,4223.61280707804
9864,6052.14672774501
9868,7236.63660612514
9875,7389.98160518291
9876,6847.62937333809
9880,7624.54597113025
9882,5497.05560830956
9884,6175.20932578441
9891,5576.95958855338
9893,5047.59563326661
9900,6633.30620643589
9906,6631.48802427953
9908,6568.13173628778
9920,5886.80493718298
9926,7083.26948877577
9929,5272.40092220276
9932,5039.47118046332
9948,7923.22024082158
9953,7317.03002123363
9961,7069.65524568576
9963,4302.36003365102
9974,7287.09575037515
9981,7156.63283177034
9982,7532.84343202655
9983,5247.13047946587
9996,5746.90452107628
10000,3357.1162295556
10001,5469.52229102631
10011,7459.90702283105
10015,6747.54182776251
10022,7090.07218423532
10023,7513.47287384917
10025,5429.94688306176
10026,7000.6558805247
10029,5265.42233140333
10034,7409.77692815746
10047,5222.44569845272
10064,4690.93166419556
10071,5761.78121351978
10082,6134.47591221296
10091,5900.93847607401
10094,6197.30468015049
10095,6743.58949658084
10107,7348.03205947389
10110,3796.53902794442
10114,6547.60049553491
10121,7159.38948338722
10125,7414.96837146299
10138,5621.10665919823
10143,3527.55360907035
10146,7379.67076325109
10155,7004.76597016471
10156,5603.50112145838
10158,3845.22866108102
10163,5753.38313851446
10169,7105.39572286305
10179,7188.79707544963
10180,6458.18460383781
10181,4033.62238391342
10184,7321.18963715643
10192,6975.64805362998
10196,6161.33768577647
10198,6926.08903408336
10205,5308.1304816331
10206,6971.2635749433
10207,5578.73725344459
10210,6797.87907160401
10223,6676.26841463646
10228,6024.57719406403
10242,2934.49606015793
10248,6654.7465620684
10253,5260.30076080842
10256,8431.79607672225
10258,4952.18261830078
10262,6592.6359445176
10264,6356.85388742113
10266,4108.61706557062
10267,6544.24153625635
10269,5453.58540605
10270,5585.94412475767
10271,6119.15243462405
10272,4790.19618748985
10287,5801.30200936889
10291,6575.67396586729
10311,7405.96321018348
10316,7569.72783733598
10317,4094.98692004185
10341,6882.93049737099
10343,3689.10482789659
10349,6132.53064096834
10350,7974.17390472955
10352,6276.86226628864
10374,7763.38425960683
10379,6019.53934783303
10380,3785.81940333664
10383,6837.44505423945
10385,7199.06665645066
10389,6963.72170678969
10418,5919.17977028311
10419,7059.98609974766
10421,5382.26313953965
10434,6816.15954233964
10438,6998.27127183895
10439,5034.17477588139
10440,7378.32333981607
10442,5762.69156549942
10456,5186.58235830338
10465,5314.34889457083
10468,7667.09067506792
10473,7050.384055885
10481,3310.06770825482
10497,4722.22721191911
10502,4616.5523331355
10507,5649.20396229423
10508,7665.60970628763
10511,5540.14676178626
10514,7511.86488561558
10524,4832.99056598026
10534,5227.55723460276
10551,6902.78656706787
10552,7103.91888724184
10559,5334.4049294248
10566,6467.73416197661
10567,5421.03169684368
10574,6228.77137520902
10575,4036.16409453746
10576,6879.64267242155
10580,6751.31779267727
10585,6326.72279926113
10586,5279.54700892946
10589,6300.01624419982
10590,4291.47677035953
10599,7229.05657591498
10620,4964.70124588494
10624,7062.90431998173
10626,6556.72020308047
10629,5569.79545726746
10631,4988.65936342752
10632,6313.62597486798
10634,6580.38748496536
10640,3729.7434967391
10647,4958.79746631199
10654,4734.61313883443
10660,6246.10961647966
10661,4676.79839199345
10662,6679.46697844066
10664,5772.23398831771
10671,6625.65735880605
10689,7868.73371813745
10692,6804.92276468758
10696,6903.1840806793
10700,5732.82276327474
10703,5452.20607978978
10710,3764.44073519868
10714,6550.20654898724
10717,6954.11674502802
10720,7305.04966117867
10721,4778.55519191199
10722,6044.63483178069
10726,6168.01500679912
10727,4574.23992924087
10728,7030.24567270861
10732,5175.2067658283
10733,4377.47769983602
10734,7275.33872738917
10745,5545.56374371172
10747,4011.28405687467
10761,6464.27782540458
10762,4786.62719902155
10764,7775.58303921132
10767,7596.93069310138
10772,4620.98426149881
10781,7056.00261056749
10783,4447.33800412427
10790,5273.3638623998
10795,5925.54453220116
10800,6320.60418239967
10804,7233.24932294445
10805,5729.5012989834
10814,5670.13275653794
10817,4863.33167356251
10818,5609.14011335762
10820,5591.4762729506
10822,5937.26355993579
10823,8062.19451350606
10828,5071.4571645431
10833,6762.85951223955
10834,6685.57672261797
10835,6701.928842984
10844,7299.23774997904
10854,7387.93815708644
10855,6355.51792253778
10862,7567.68390008864
10863,5775.04804346328
10868,8346.50887708349
10875,4355.77062193834
10884,4385.55526436756
10896,6537.21184172041
10920,5445.59821959666
10932,7548.6066855788
10933,5327.50574422335
10938,7498.0552877155
10943,6949.42415164687
10945,7303.46876890101
10952,6866.73043212634
10962,6262.25845656867
10964,5164.00307300434
10972,5674.82268624133
10975,6942.25878546744
10977,4740.52825548051
10979,5616.02687477272
10981,5752.70259723107
10988,6205.39323125564
10990,5695.68469825788
10993,5162.44386531393
11002,4455.19668708088
11004,7560.15766905913
11005,4463.58450015265
11010,6055.6131281326
11012,6788.92333818262
11017,6893.64730026456
11018,6516.82299015834
11022,6004.99580451613
11025,5641.96085199156
11029,7342.96503808506
11043,7334.08621725475
11044,7675.98474614535
11045,7944.52929538843
11046,3804.36421343727
11047,6422.75271052789
11052,4822.80188436698
11054,3087.32686173702
11058,3751.13806763463
11060,5269.90426859996
11065,4845.94103032636
11066,5434.40221583958
11069,4824.12409219903
11072,4293.05440390342
11083,5139.13385156339
11088,5685.12916940198
11090,2922.04482912059
11093,7429.74608788644
11095,7687.28413239152
11099,5254.01490965685
11101,6994.19594263851
11103,7655.05070736696
11109,6854.79584030891
11110,7335.34669804425
11116,6794.45007330975
11130,7265.50471874386
11135,5797.96327834289
11136,6009.90146220686
11137,7273.86533675611
11141,6991.29002392377
11146,5671.07596978196
11148,7468.4903607222
11152,4040.7366427724
11160,5960.13975995897
11161,7381.86415809118
11162,5268.55500378152
11166,6799.46988988823
11169,6886.81731849568
11171,5520.22145757363
11173,5664.02554430103
11174,7170.45223624621
11175,7794.91145770452
11177,3116.12391660482
11182,7246.07705023933
11210,7520.70710797321
11214,7178.91897346646
11217,4600.76001806396
11218,6786.48921225266
11220,7198.96592789101
11233,5594.1553914086
11238,7551.8378217676
11244,6749.7351876138
11250,6042.33734205367
11251,3533.19337897214
11255,6661.69941123537
11262,5612.82579436179
11265,5812.7850417024
11279,6806.22907842817
11281,5774.47301773889
11284,6350.13619770952
11287,6388.97525479225
11291,5874.24133841637
11303,5796.6810312097
11306,4709.34885252678
11311,6539.59715378538
11323,4978.53874533442
11328,6921.02668727412
11329,3687.11512534757
11348,6354.51497829321
11351,4845.64094989036
11358,5007.48594084077
11359,5148.46520316921
11362,5385.42372307869
11363,4889.15755157449
11369,6813.53787169681
11375,8233.06577036172
11376,6618.6507818997
11382,7344.03487491212
11386,6270.71902158449
11393,6918.1784062484
11400,6668.42636779277
11403,5176.76037407215
11407,5342.09620300693
11408,6507.93236533607
11416,4286.43816121229
11417,7287.6744139546
11424,7246.52194820342
11425,7712.13063532406
11426,6814.15139835221
11431,5234.80189785317
11432,5529.36990798631
11442,5163.84652161224
11443,7333.05040695382
11457,7534.73788829784
11459,6480.82346147458
11460,4655.6872029346
11463,7537.14418981164
11468,5598.16247268998
11471,5735.87576791079
11475,5855.89377127961
11477,5881.77613757144
11480,6325.25996535199
11482,7904.22168601444
11491,5980.87899852667
11500,3419.53853260319
11502,6669.68387336041
11504,6046.04200962987
11506,7442.58197303102
11512,5412.23642911557
11515,7272.19578743298
11524,6853.28235831553
11540,5821.84266132064
11541,3800.99529785387
11542,5986.32369272991
11548,6016.44151808513
11554,7604.19714110577
11564,7323.27747510612
11570,7432.53774065328
11571,6926.842755469
11577,5553.55579886241
11585,5418.21318542624
11586,7304.08894916862
11593,4158.83482291677
11602,6253.00361619235
11625,7958.46424601201
11629,6979.47233654134
11630,8177.32329624559
11631,5874.49184971922
11634,6352.04787572884
11642,7299.73562010697
11644,7342.31499879041
11647,6305.76841686661
11657,6347.26790452102
11677,4325.09086400451
11680,5804.89954627647
11683,6780.42295014233
11685,6517.73775655678
11687,6889.15693602119
11698,5789.55237915635
11708,8260.14004364705
11710,7533.46215681607
11716,4982.06019224186
11717,4630.79710104296
11723,5939.86288157471
11724,6953.9140668557
11732,7581.35339841738
11733,7916.61461474977
11735,6514.3211210551
11746,5660.05340022464
11747,5033.42044205497
11759,5763.41212244311
11777,7465.4129824124
11780,5759.60849849069
11787,6477.24039293341
11794,5446.18681250853
11795,7439.96908848301
11797,7746.54404989632
11798,7565.95989244713
11801,3984.06353164734
11808,3432.86923397499
11810,6322.19740683227
11816,6820.53276050995
11817,5717.2198193043
11829,5151.1900268924
11833,7394.46579143801
11842,4293.4457442145
11849,6240.60582247219
11854,6228.92319526999
11860,6225.76960555254
11863,4707.39806092239
11866,4384.32395938702
11869,5806.89084660581
11870,3650.16998091604
11872,6632.35045090319
11876,5573.58097483892
11878,5337.79940578799
11879,4647.72547629571
11885,5787.72877129132
11889,5873.5360640839
11891,7222.32597667631
11895,4760.49093202586
11914,7133.41140327479
11931,7080.66693556737
11932,8520.1500767745
11934,6418.37897797757
11935,5432.24304098273
11939,6844.33676539803
11945,6191.44665750391
11949,6216.7189256653
11952,4754.19596072044
11955,6434.31787629442
11959,5733.58298095203
11962,7407.96428530211
11964,6690.74942457403
11970,7785.16912972927
11973,7665.26580081607
11984,6190.77396315807
12005,6367.20763192043
12006,4070.78830435924
12012,7576.58242074948
12015,3344.78455407576
12016,8194.03943525968
12017,7789.60269625792
12021,4321.28199733038
12026,7235.23583803811
12030,5423.70526203458
12032,5550.46510611528
12035,6113.52499957729
12037,4135.49983608949
12042,7208.59346089978
12047,6726.22454166246
12054,5743.77920810109
12061,5511.79699059731
12065,4961.75153488732
12066,5928.82482354478
12067,6253.8547314134
12069,6800.90238339564
12072,5518.4956317458
12073,3087.87523145943
12077,5928.20735575199
12082,8015.28035249709
12088,4714.47934022926
12089,7960.23105165054
12091,7835.81616570092
12096,6154.91824860043
12098,5348.28403236826
12108,5319.06678965394
12110,6093.31948990728
12114,4074.18289295248
12118,3639.55659491932
12119,5496.19946097067
12121,5223.86594509606
12126,6802.50600734887
12129,7934.34299169465
12140,5564.46870014791
12144,5390.09470918648
12147,7049.25219374677
12151,6011.86653065175
12153,8095.42738171845
12156,4886.35731303607
12162,5779.06882050506
12165,5763.57749746095
12168,4013.02770270072
12171,5481.09488484983
12174,5352.98152166992
12187,5638.3061641834
12188,5903.60678643524
12192,4116.36567339449
12198,5161.75752760803
12200,5534.77227692527
12205,4206.55854882017
12210,4986.60503776015
12220,5641.74908753978
12229,6863.25218195092
12234,7266.69564568684
12236,7500.46189903703
12239,6654.10335418046
12243,6576.53395136216
12245,6384.2483361662
12246,6046.72374585819
12254,6010.58192987414
12261,7351.04980212227
12266,5448.09991937674
12274,4459.13542663601
12277,4221.84750276737
12283,6510.53960881392
12284,7272.30501228053
12294,7293.7138621696
12298,6248.59863505348
12300,7194.42342143685
12302,5986.63940182858
12309,6721.45118497563
12319,6682.0824494361
12321,5602.66657244999
12329,5812.39753888881
12334,8088.46316132318
12346,6272.85004015453
12350,7558.96621375579
12352,5560.20341138469
12356,7787.86707749565
12358,5214.4058785148
12363,5692.830924928
12365,7994.72141742351
12369,7060.92131001122
12372,3204.21420379239
12375,7563.33450035541
12378,7293.69108177784
12390,6537.30859643956
12391,5375.81805345546
12396,5071.64245838036
12397,7157.47448450135
12403,4904.41024079103
12407,7134.70663856357
12408,4398.65518654112
12410,6039.85744851496
12414,7673.09266384592
12418,6076.55777090066
12419,6672.43927051057
12427,6491.63658746603
12436,6626.39978961971
12449,6478.87303639732
12457,5843.85981953248
12458,5931.74870742693
12464,4972.54468726698
12482,5889.95333883559
12484,6528.48417690842
12495,6044.58554498716
12496,4095.79293578961
12497,6489.14504644507
12498,6066.9670038366
12500,6457.05065672776
12508,7836.25621520019
12509,3255.26968007367
12510,6081.09049345861
12513,5929.76865825852
12514,5587.74639976281
12524,6093.53970421598
12528,6402.12794586886
12530,4791.0519908394
12535,7401.53078931658
12543,8126.06600049634
12544,8117.7600816759
12553,3719.91697040523
12556,6534.46433715516
12569,6934.95600306613
12570,4449.14710730411
12581,5285.53150398154
12582,6256.83467436712
12584,8014.00882189105
12590,4355.93534976396
12592,6662.38954851467
12597,7250.43050017207
12605,8444.48311493741
12608,5206.59308218401
12612,5631.13101422287
12615,6105.74362110914
12619,7520.31227527396
12627,5354.37678322854
12632,5847.31631126388
12635,5695.0456681881
12638,6922.05027686675
12639,6463.10024858858
12640,6027.00363234337
12651,7252.42488614155
12652,6487.08613443989
12655,5807.75945490561
12659,5975.99278298896
12669,7431.17990341467
12671,5012.48736748465
12672,7832.81401708319
12673,5237.31332996809
12675,4006.57479602809
12676,5804.52965163611
12680,5486.47579206372
12688,6509.21757095871
12696,6893.89929646975
12698,6866.05247086012
12699,7374.34915689805
12710,3528.27877315251
12723,7812.59208583971
12732,4901.32875008005
12734,7368.70948542671
12747,7860.51339132227
12749,5017.99570726182
12751,5977.86642988776
12768,5268.91541955699
12790,6219.3259654138
12792,5441.64676578572
12794,5864.18509844743
12797,5638.96040255472
12798,5266.93236006457
12799,4306.98775462833
12806,6227.60607026779
12808,7693.30639034373
12816,6589.52317189106
12818,6291.00924785688
12825,4176.99606615086
12833,4399.55425771435
12834,7076.76058445627
12842,5771.70428832064
12851,4157.78898734607
12864,4726.75560302627
12865,6963.33893905224
12879,5869.93893299752
12884,5631.18493463144
12885,4872.64801324941
12887,5715.38096080778
12893,6245.78026089946
12897,5946.83070694136
12900,5409.35378061412
12903,4550.2206842861
12915,5271.23718643699
12921,7114.23612213765
12924,5726.16613901398
12929,4900.53530493862
12948,5062.81328479956
12953,7649.07219049224
12960,7165.46277217044
12966,6681.76121226318
12969,4450.7759028838
12975,5863.09629355819
12978,7514.79208358469
12982,8069.25251492083
12983,6274.67650615327
12986,6735.61559956037
12987,6574.0345765983
12992,7931.50973353906
13002,6860.14622427837
13003,3361.39907583328
13013,6107.28955253202
13016,5607.44146144667
13026,5288.77084424271
13029,5289.70698649319
13034,4990.61755174419
13044,6660.2732623595
13045,5686.72431929042
13046,5605.34064372938
13048,6808.07951697858
13053,5807.95822753759
13060,6373.32536202382
13061,5734.18473793392
13073,7163.93804139403
13074,5345.35250359881
13077,3786.73040464797
13084,4241.50213944474
13090,7386.39176690845
13095,5394.57738011234
13100,6201.69348522932
13102,7522.51887947818
13104,6454.69119756215
13106,4857.02937099811
13109,5873.59974844593
13110,6498.73211895675
13115,4937.87441514649
13122,7113.02108591551
13131,7849.5385158604
13133,7629.2227221316
13135,6215.22552455347
13138,5932.0649163966
13139,5777.52845380789
13172,6562.64724638746
13185,5994.19233843027
13190,6008.23857911938
13196,6161.47308438099
13209,6432.2674912907
13213,5491.79904342202
13217,5300.7235769701
13228,3972.97832139112
13234,7848.84736089836
13235,4676.31245116852
13239,5940.60933427059
13242,6220.09450350852
13243,5189.40524964701
13255,5440.74756965342
13258,5562.03790272119
13262,5927.94190328262
13264,5974.66044388244
13273,5944.60655681003
13283,5166.16716052905
13287,7959.57167549967
13290,5171.477892215
13296,5704.65761038238
13301,4218.68413578983
13304,7584.89819014718
13306,4457.39147155063
13311,6010.73115589921
13312,4314.54770735422
13313,5981.60209307313
13325,5135.12725913167
13327,7399.29666694815
13333,4105.25038756597
13335,4400.47256455138
13336,7628.03678145191
13340,4042.06239877963
13345,6812.99270415753
13350,4601.89025096278
13352,5763.30403847023
13354,6087.6013958737
13361,4643.0329442285
13362,8139.66247597265
13382,6134.68767487903
13383,5185.73215471051
13393,6657.57232310816
13402,5955.88798071747
13410,5453.55100843558
13412,7467.14347538124
13418,7725.55977885719
13421,5312.76434565814
13424,5842.7365671951
13425,6838.78794007589
13430,6241.16308196261
13432,5715.51119982279
13433,4439.71410903367
13435,4951.0290369612
13442,8056.28363741759
13448,3871.60870647431
13450,7818.51688067182
13457,7269.78617940499
13458,6926.93488192152
13459,4739.75450752691
13478,5693.54453526806
13487,6173.78566106668
13488,6450.19133862646
13497,5849.79505385587
13501,6530.97448396142
13503,6933.35275182978
13505,6271.35951572756
13511,5267.6603498075
13520,7519.42634914548
13522,4426.79568015691
13531,6432.27798005449
13533,4611.92277486036
13540,5982.40364451914
13543,4994.9474435445
13556,7978.56573991742
13557,5330.51328243929
13565,6332.65539868342
13568,8165.42524471422
13570,4220.68643681854
13579,4047.99725964397
13580,4531.06293511181
13583,4328.66883686374
13590,6571.70319207033
13599,7328.96273485585
13602,6931.82738557704
13607,8439.1378465727
13614,3792.00040148966
13618,7931.73177317833
13620,5738.32523574031
13628,4243.69226900031
13635,6835.24409460438
13642,5026.20126706243
13649,5470.90679495852
13652,6411.77757930155
13658,5772.35434788671
13664,7343.29357043416
13667,6781.32150616303
13670,5534.41131685969
13681,6065.59496979218
13684,6163.40801287977
13688,4386.05428309404
13694,7297.99456867147
13696,4056.27474932406
13704,6232.57024087116
13710,4975.39423723912
13715,5058.06966599821
13719,6402.68496211695
13721,6658.07520800156
13724,4443.02579930103
13730,5380.1987803547
13733,4970.87264773844
13736,7365.96522454461
13751,6525.35966677848
13760,8001.69057130577
13764,5345.55949251647
13769,6344.9721698266
13776,5820.66595633138
13778,4860.10332622032
13779,6065.07425879658
13785,6565.63178969354
13789,5057.26226810888
13792,7003.3444318575
13802,6555.21361138015
13804,5550.62901074586
13809,5165.54465619347
13815,6831.30067179154
13819,5968.62955923335
13825,7411.23259014543
13833,3721.8955588482
13834,6312.18561308245
13836,6684.64698491505
13839,6579.0733302933
13846,5790.23173432619
13859,5335.74244349635
13862,6631.60483990433
13869,4921.22903393291
13871,5685.36558526533
13874,5408.49822412576
13881,5524.90853060629
13883,5303.90409339643
13884,8142.4443536378
13889,5868.23845735941
13890,7201.88466455534
13891,4390.21900289397
13892,3554.02660399493
13895,4505.44064718831
13904,4891.20837974542
13917,6551.8252031661
13920,3034.51129251224
13926,4029.89808077374
13927,7184.35879419455
13934,6459.77125676551
13941,5770.15113953244
13946,7475.23782064743
13954,6833.83363829294
13959,5686.48682203481
13961,6285.39243686679
13966,3934.49527144797
13975,6648.16034501861
13976,8221.44936501453
13977,8445.44816797111
13980,4584.46852258354
13982,6534.41892984267
14003,7494.22309360416
14006,7021.30561702657
14015,6425.14500126976
14021,5758.3998987587
14029,7022.68872724989
14031,6079.39180592542
14034,6412.47768046609
14039,6881.60137339466
14042,7239.14237786538
14057,4335.75552938753
14059,5067.94838232034
14070,4181.0949635253
14074,7465.99669103367
14077,7595.15802267613
14081,5654.81008449756
14083,8091.29599225525
14085,6165.0028017447
14086,6238.5872378751
14088,6220.16306087238
14101,4098.59425292945
14103,6442.99508197451
14104,8289.41994797581
14108,5450.43841304857
14110,6199.97286096553
14113,8184.56915482462
14114,6789.37758916392
14115,5589.46392606698
14116,6537.06529523449
14117,5337.2109541313
14119,5440.6395355583
14121,7352.02500448289
14122,5037.42374366527
14126,6716.75026121156
14128,7164.55008756775
14130,6576.37339322492
14140,5824.09893406487
14142,6021.48240265289
14154,7125.93144645817
14160,6699.92090850674
14163,6389.57992802427
14165,5160.20220027804
14169,3951.59531942219
14170,6980.92768581805
14171,4208.788948466
14172,4233.26722315605
14175,5361.27589457195
14177,5341.56403203777
14180,6447.39412582592
14181,6429.29015584411
14182,6943.16235075551
14188,6189.20595985484
14194,7989.85628973221
14198,6505.15709996091
14199,6363.28073101139
14203,6112.92152560707
14207,5772.56768545048
14217,7625.96424897375
14222,5339.16267836038
14231,5852.72935416086
14236,6821.73076024175
14242,3380.96389417669
14245,5239.83541547786
14250,5823.25007769481
14255,4462.88533059234
14261,7250.33706447734
14273,6410.63624287826
14286,7021.80062715888
14292,7216.03773165241
14295,5636.54662250978
14307,6488.56783926239
14314,3416.37438966653
14322,7338.07103642621
14323,4664.29090610929
14325,1875.85813310995
14326,5822.99555290946
14327,4388.64203311811
14333,4458.5029802331
14336,7513.08250472842
14347,5207.58280523336
14356,5241.41024352698
14359,3511.04350643655
14361,7308.63658524801
14369,5635.27296743845
14373,8045.07870546449
14375,4942.89123820187
14397,4401.66558077825
14403,6207.55849970428
14406,5848.85181257985
14417,5533.97960550148
14424,4991.43812493956
14429,5377.77568551025
14431,4394.34377835268
14441,6811.87052531794
14442,6178.28352501213
14449,3385.90185200938
14452,4388.66143930212
14457,6469.65841905576
14458,6308.32235794292
14462,6348.58505320044
14466,6575.88691019757
14469,5774.05445733427
14474,6799.92651046447
14500,5808.1994176043
14501,7258.959357727
14504,7254.87519947971
14506,6884.46639602306
14508,6397.98529278515
14513,5561.17139042893
14514,6223.4666798776
14517,5483.87055043833
14520,5491.93251978637
14521,6722.20373997848
14529,5728.03948449172
14535,4426.53849575497
14537,6174.15459587636
14538,4691.20245134503
14540,7051.11985965303
14548,7326.85156267703
14552,7733.472918459
14558,6964.25589174764
14559,7405.91809370617
14560,4527.78952560821
14561,5692.25744782434
14570,6728.11417362651
14576,4172.18990080685
14577,7510.28513037176
14580,6031.66556688471
14586,5548.68743564557
14592,5681.97139552864
14595,6606.26352952381
14597,5782.78865323845
14599,7304.38887805967
14602,4639.63799436671
14605,6483.74571679164
14616,5675.25899951574
14622,4098.20392238468
14623,6665.43819196433
14629,6805.8273815706
14630,5524.12827054921
14632,6426.37002345443
14635,5185.14888998637
14637,5127.11475052317
14638,7809.68417719208
14649,4326.69393500936
14663,6669.61437371281
14668,3798.24143698293
14669,7213.05086508647
14676,5892.30111535825
14695,2977.68755685304
14697,6426.71510975493
14699,5516.9355464845
14711,7526.16396864012
14715,5999.21640778038
14721,6245.48727710885
14727,6319.38630576443
14733,6384.7941414265
14738,7075.77022437978
14743,5564.17936748352
14749,7690.68297064885
14753,6173.8177952649
14754,6835.66338785663
14769,5623.85615207519
14770,6773.42062630256
14778,6149.68863984275
14783,5828.3628091109
14784,5902.44813765589
14785,7403.17410725368
14791,6494.34268076195
14803,6690.83145861356
14812,5452.61543000544
14821,6434.3478792962
14836,5324.63606675821
14838,6110.00522413681
14839,6792.53606484643
14843,7635.85895079427
14846,5813.97963643288
14849,6929.43921633023
14864,5593.78881473394
14865,5567.16907441897
14871,4219.08451259518
14872,5868.93369858786
14880,1876.79483624584
14882,6718.68383273906
14890,7377.43975890108
14895,5086.97845924568
14896,6327.49890013947
14900,5450.31452275822
14902,6359.13670340189
14906,4761.08421608711
14908,7000.14425611359
14915,6842.05246784488
14921,6490.25271563886
14922,5341.524582646
14930,6465.50831693054
14931,6912.52560917904
14932,7819.15666058542
14937,5937.694213579
14943,6788.56858398496
14947,5505.23375834594
14950,7244.96888783768
14955,6191.00722651896
14965,6450.76456948077
14981,6988.85133153596
14982,4444.46579597888
14988,6649.7127192648
14991,7399.50714944854
14993,7488.67538076483
15000,7433.50752370449
15003,6277.75981201797
15007,6425.33117495005
15008,8228.00701910794
15009,7902.39197756288
15011,6377.73478843002
15024,6478.70710418615
15040,5985.89421011509
15045,4711.56320333823
15047,7144.99291278182
15052,6890.1940034926
15060,6674.69725210943
15062,5518.30169508627
15064,6243.24295720688
15082,5534.45701933978
15088,8350.72381418838
15094,3805.21462132085
15096,7321.25882173538
15102,6021.96255132478
15106,5375.24629202287
15115,6067.17667230004
15117,7002.06120537962
15137,5152.81705837189
15138,7555.66087697705
15143,6001.39551506269
15147,4405.34257378609
15154,6882.96637699996
15164,5528.90761558127
15167,5859.05073563218
15190,6641.7715531283
15204,5820.48526663051
15220,6323.33696286822
15225,6102.72161019967
15227,6914.54234603223
15237,6023.02717362891
15240,4490.52627130249
15244,4014.76216350129
15255,4456.0743273983
15256,7324.68356732641
15264,7385.47030888865
15265,7921.7154841956
15266,5255.51161216445
15269,5451.76875893293
15271,6084.19644345151
15276,5379.8210502513
15277,4904.0718746349
